{"obs_dim": 8, "action_dim": 3, "policy_w": [[0.3566291219704523, 0.3418610552198811, 0.3330445735615885, 0.2616379230662041, 0.042433424047615464, 0.3036494645896381, -0.18490067950471245, -0.206509747991513, 0.43570460444349696], [0.3738162285097224, 0.1773395345812734, -0.026510565844917955, 0.14086072968384672, 0.1181975432605572, 0.0716218436227864, -0.13947901150905015, 0.5650675570607484, -0.2659464285671296], [0.4143367517638567, -0.0035912419134202164, -0.5899942111313011, -0.4040535093671466, 0.38418322071323097, 0.05745813096112352, -0.08316017715043132, 0.00670847705061318, 0.9411277331218382]], "value_w": [0.6299252851123759, 0.3809649471014796, -0.2969660993693072, -0.3048344532052728, 0.24540385056777045, -0.04094249369123584, 0.07917784637142038, 0.2718480039633067, -0.02487905159146479], "config": {"total_steps": 5400, "rollout_steps": 180, "seed": 11, "population": 12, "noise_std": 0.11, "elite_fraction": 0.25}}