{"obs_dim": 8, "action_dim": 3, "policy_w": [[-0.12811789755110883, 0.39169959355508316, 0.4382600234998863, 0.9364502761919616, 0.5650308380384511, 0.5628422191598323, 0.3710969249703106, -0.28750628658743305, 0.6455332319011657], [0.17068864371888046, -0.07419021368874691, -0.5687781678531323, -0.5093882260797571, -0.0287732861780962, -0.42853253377911055, -0.00448026352614488, -0.038528093580512436, 0.1518325210546708], [1.0665735615123972, -0.18244346042477366, -0.13920898883970134, 0.40719978218637326, 0.18008546855039645, -0.6546945191325478, -0.656890667089514, -0.17817828854741835, 0.06383990054778162]], "value_w": [0.19869676594197347, 0.07981658011230529, -0.10673186781879186, 0.6606002057490586, 0.0598350942475871, 0.05022988560179456, 0.055461355632906086, 0.2688827473280742, -0.0056997125259170165], "config": {"total_steps": 5400, "rollout_steps": 180, "seed": 11, "population": 12, "noise_std": 0.11, "elite_fraction": 0.25}}