{"obs_dim": 8, "action_dim": 3, "policy_w": [[0.5270057603303903, 0.14388749377100737, 0.5087587253927114, 0.17386771017032185, 0.13779941679170785, 0.11010899326650253, -0.40722288114005606, 0.05109190781074713, 0.5538024387832908], [0.4801401591698416, 0.09499767782959384, 0.02536415571033403, 0.001978037835620444, -0.10075486793711952, 0.12087856489904468, 0.1644403894051144, 0.1253482875967931, -0.058783375615180544], [0.11587106291887861, -0.05446458631613727, -0.8093235038335956, -0.21888346761938568, 0.4532612294093276, -0.011042642473056747, -0.10911024082560121, -0.05090554469083914, 0.5084077254375233]], "value_w": [0.8727774231761022, 0.4883826552284081, -0.18669344475661065, -0.4232049017115078, 0.6095062016413796, -0.1930151730197315, 0.2818382562508406, 0.010022793590273076, 0.31355890727208297], "config": {"total_steps": 5400, "rollout_steps": 180, "seed": 11, "population": 12, "noise_std": 0.11, "elite_fraction": 0.25}}